id,title,url
2601.00009v2,Paper 1,https://arxiv.org/pdf/2601.00009v2.pdf
2601.00011v1,Paper 2,https://arxiv.org/pdf/2601.00011v1.pdf
2601.00044v1,Paper 3,https://arxiv.org/pdf/2601.00044v1.pdf
2601.00046v1,Paper 4,https://arxiv.org/pdf/2601.00046v1.pdf
2601.00057v1,Paper 5,https://arxiv.org/pdf/2601.00057v1.pdf
2601.00060v1,Paper 6,https://arxiv.org/pdf/2601.00060v1.pdf
2601.00089v1,Paper 7,https://arxiv.org/pdf/2601.00089v1.pdf
2601.00155v1,Paper 8,https://arxiv.org/pdf/2601.00155v1.pdf
2601.00279v1,Paper 9,https://arxiv.org/pdf/2601.00279v1.pdf
2601.00408v1,Paper 10,https://arxiv.org/pdf/2601.00408v1.pdf